{
    "short_training":  {
                           "model_version":  2,
                           "iterations":  10,
                           "duration_ms":  507,
                           "initial_loss":  0.69314718055912572,
                           "final_loss":  0.52362358215156846,
                           "samples_per_iteration":  1639424,
                           "nodes_used":  4
                       },
    "short_evaluation":  {
                             "model_version":  2,
                             "loss":  0.51755373478653932,
                             "accuracy":  0.74996096189881323,
                             "precision":  0,
                             "recall":  0,
                             "f1_score":  0,
                             "true_positive":  0,
                             "true_negative":  307376,
                             "false_positive":  0,
                             "false_negative":  102480,
                             "samples":  409856
                         },
    "final_training":  {
                           "model_version":  3,
                           "iterations":  300,
                           "duration_ms":  13591,
                           "initial_loss":  0.69314718055912572,
                           "final_loss":  0.26855416035624907,
                           "samples_per_iteration":  1639424,
                           "nodes_used":  4,
                           "reset_model":  true
                       },
    "final_evaluation":  {
                             "model_version":  3,
                             "loss":  0.26775981509786934,
                             "accuracy":  0.88882680746408493,
                             "precision":  0.85877280348970608,
                             "recall":  0.6646857923497268,
                             "f1_score":  0.74936605811913148,
                             "true_positive":  68117,
                             "true_negative":  296174,
                             "false_positive":  11202,
                             "false_negative":  34363,
                             "samples":  409856,
                             "data_split":  "hold-out test.csv; no usado para actualizar pesos"
                         },
    "final_model":  {
                        "version":  3,
                        "ready":  true,
                        "feature_count":  11,
                        "decision_boundary":  0.5,
                        "artifact_path":  "results/distributed/modelo_entrenado_distribuido.json"
                    },
    "generated_at":  "2026-06-26T12:03:43.1865280-05:00"
}
